<?xml version="1.0" encoding="UTF-8"?>
<beans xmlns="http://www.springframework.org/schema/beans"
	xmlns:xsi="http://www.w3.org/2001/XMLSchema-instance" xmlns:aop="http://www.springframework.org/schema/aop"
	xmlns:tx="http://www.springframework.org/schema/tx"
	xsi:schemaLocation="http://www.springframework.org/schema/beans http://www.springframework.org/schema/beans/spring-beans.xsd
		http://www.springframework.org/schema/aop http://www.springframework.org/schema/aop/spring-aop-4.0.xsd
		http://www.springframework.org/schema/tx http://www.springframework.org/schema/tx/spring-tx-4.0.xsd">

	<bean id="dataSource" class="org.apache.commons.dbcp.BasicDataSource"
		destroy-method="close">
		<property name="driverClassName" value="com.mysql.jdbc.Driver" />
		<property name="url" value="jdbc:mysql://10.219.13.101:3306/eztrac_shema" />
		<property name="username" value="monty" />
		<property name="password" value="some_pass" />
	</bean>

<!-- Hibernate 3 XML SessionFactory Bean definition-->
<!-- 	<bean id="hibernate3SessionFactory"
		class="org.springframework.orm.hibernate3.LocalSessionFactoryBean">
		<property name="dataSource" ref="dataSource" />
		<property name="mappingResources">
			<list>
				<value>person.hbm.xml</value>
			</list>
		</property>
		<property name="hibernateProperties">
			<value>
				hibernate.dialect=org.hibernate.dialect.MySQLDialect
			</value>
		</property>
	</bean> -->

<!-- Hibernate 3 Annotation SessionFactory Bean definition-->
	<bean id="hibernate3AnnotatedSessionFactory"
		class="org.springframework.orm.hibernate3.annotation.AnnotationSessionFactoryBean">
		<property name="dataSource" ref="dataSource" />
		<property name="annotatedClasses">
			<list>
				<value>DAO.User</value>
				<value>DAO.Account</value>
				<value>DAO.AccountHome</value>
				<value>DAO.AccountView</value>
				<value>DAO.AccountViewHome</value>
				<value>DAO.AccountViewId</value>
				<value>DAO.Attachment</value>
				<value>DAO.AttachmentHome</value>
				<value>DAO.AuditMap</value>
				<value>DAO.AuditMapHome</value>
				<value>DAO.AuditReport</value>
				<value>DAO.AuditReportId</value>
				<value>DAO.AuditReportHome</value>
				<value>DAO.BuildChangeControl</value>
				<value>DAO.BuildChangeControlHome</value>
				<value>DAO.BuildDetail</value>
				<value>DAO.BuildDetailHome</value>
				<value>DAO.BuildTeam</value>
				<value>DAO.BuildTeamHome</value>
				<value>DAO.BuildTeamId</value>
				<value>DAO.BuildView</value>
				<value>DAO.BuildViewHome</value>
				<value>DAO.BuildViewId</value>

				<value>DAO.Comments</value>
				<value>DAO.CommentsHome</value>
				<value>DAO.CommentsId</value>
				<value>DAO.EstimationProcess</value>
				<value>DAO.EstimationProcessHome</value>
				<value>DAO.EstimationProcessId</value>
				<value>DAO.Gdc</value>
				<value>DAO.GdcHome</value>
				<value>DAO.InvoiceCutoff</value>
				<value>DAO.InvoiceCutoffHome</value>
				<value>DAO.InvoiceCutoffId</value>
				<value>DAO.Notifications</value>
				<value>DAO.NotificationsHome</value>
				<value>DAO.NotificationType</value>
				<value>DAO.ParamType</value>
				<value>DAO.ParamTypeHome</value>
				<value>DAO.ParamValue</value>
				<value>DAO.ParamValueHome</value>
				<value>DAO.ParamView</value>
				<value>DAO.ParamViewHome</value>
				<value>DAO.ParamViewId</value>
				
				<value>DAO.PerCcSystemImpactedHome</value>
				<value>DAO.PerCcSystemImpactedId</value>
				
				<value>DAO.PerChangeControl</value>
				<value>DAO.PerChangeControlHome</value>
				<value>DAO.SubAccount</value>
				<value>DAO.SubAccountHome</value>
				<value>DAO.ProjEstRequest</value>
				<value>DAO.ProjEstRequestHome</value>
				<value>DAO.PurchaseOrder</value>
				<value>DAO.PurchaseOrderHome</value>
				<value>DAO.PurchaseOrderId</value>
				<value>DAO.PerTeam</value>
				<value>DAO.PerTeamHome</value>
				<value>DAO.PerTeamId</value>
				<value>DAO.Role</value>
				<value>DAO.RoleHome</value>
				<value>DAO.Sbu</value>
				<value>DAO.SbuHome</value>
				<value>DAO.Section</value>
				<value>DAO.SectionHome</value>
				<value>DAO.SectionView</value>
				<value>DAO.SectionViewHome</value>
				<value>DAO.SectionViewId</value>
			<value>DAO.PerCcSystemImpacted</value>
				<value>DAO.SubSection</value>
				<value>DAO.SubSectionHome</value>
				<value>DAO.SubSystem</value>
				<value>DAO.SubSystemHome</value>
				<value>DAO.System</value>
				<value>DAO.SystemHome</value>
				<value>DAO.SystemViewHome</value>
				<value>DAO.SystemView</value>
				<value>DAO.SystemViewId</value>
				<value>DAO.TimeSheetHome</value>
				<value>DAO.TimeSheet</value>
				<value>DAO.UserRole</value>
				<value>DAO.UserRoleId</value>
				<value>DAO.UserLocation</value>
				
				
			</list>
		</property>
		<property name="hibernateProperties">
			<props>
				<prop key="hibernate.dialect">org.hibernate.dialect.MySQLDialect</prop>
				<prop key="hibernate.current_session_context_class">thread</prop>
				<prop key="hibernate.show_sql">false</prop>
			</props>
		</property>
	</bean>
	
	<bean id="personDAO" class="DAO.UserDAOImpl">
		<property name="sessionFactory" ref="hibernate3AnnotatedSessionFactory" />
	</bean>
</beans>
