<?xml version="1.0" encoding="UTF-8"?>
<beans xmlns="http://www.springframework.org/schema/beans"
	xmlns:xsi="http://www.w3.org/2001/XMLSchema-instance"
	xmlns:sec="http://www.springframework.org/schema/security"
	xmlns:context="http://www.springframework.org/schema/context"
	xmlns:mvc="http://www.springframework.org/schema/mvc"
	xmlns:aop="http://www.springframework.org/schema/aop"
	xmlns:tx="http://www.springframework.org/schema/tx"
	xsi:schemaLocation="http://www.springframework.org/schema/beans
	 http://www.springframework.org/schema/beans/spring-beans-3.1.xsd
	 http://www.springframework.org/schema/context
	 http://www.springframework.org/schema/context/spring-context-3.1.xsd
	 http://www.springframework.org/schema/mvc
	 http://www.springframework.org/schema/mvc/spring-mvc-3.1.xsd
	 http://www.springframework.org/schema/security
	 http://www.springframework.org/schema/security/spring-security-3.1.xsd
	 http://www.springframework.org/schema/aop
	 http://www.springframework.org/schema/aop/spring-aop-3.1.xsd
	 http://www.springframework.org/schema/tx
	 http://www.springframework.org/schema/tx/spring-tx-3.1.xsd">
	 
	 
	 
	 <context:component-scan base-package="com.slokam.lps"/>
	 <aop:aspectj-autoproxy/>
	 <mvc:annotation-driven/>
	 <bean id="viewResolver" class="org.springframework.web.servlet.view.InternalResourceViewResolver">
	 <property name="viewClass" value="org.springframework.web.servlet.view.JstlView"/>
	 <property name="prefix" value="/WEB-INF/jsp/"/>
	 <property name="suffix" value=".jsp"/>
	 
	 </bean>
	 <bean id="ds" class="org.apache.commons.dbcp.BasicDataSource">
	 <property name="url" value="jdbc:mysql://localhost:3306/lps"/>
	 <property name="username" value="root"/>
	 <property name="password" value="root"/>
	 <property name="driverClassName" value="com.mysql.jdbc.Driver"/>
	  
	 </bean>
	 <bean id="jdbcTemplate" class="org.springframework.jdbc.core.JdbcTemplate">
	 <property name="dataSource" ref="ds"/>
	 </bean>
	 <bean id="sf" class="org.springframework.orm.hibernate3.annotation.AnnotationSessionFactoryBean">
	 <property name="dataSource" ref="ds"></property>
	 <property name="hibernateProperties">
	 <props>
	 <prop key="hibernate.dialect">org.hibernate.dialect.MySQLDialect</prop>
	 <prop key="hibernate.show_sql">true</prop>
	 
	 </props>
	 
	 </property>
	 <property name="annotatedClasses">
	 <list>
	 <value>com.slokam.lps.pojo.UserPojo</value>
	 <value>com.slokam.lps.pojo.RolePojo</value>
	 <value>com.slokam.lps.pojo.ApplicationPojo</value>
	 <value>com.slokam.lps.pojo.WorkItemPojo</value>
	 <value>com.slokam.lps.pojo.WorkItemLogPojo</value>
	 <value>com.slokam.lps.pojo.QualificationPojo</value>
	 <value>com.slokam.lps.pojo.AuditPojo</value>
	 <value>com.slokam.lps.pojo.EntityPojo</value>
	 <value>com.slokam.lps.pojo.CountryPojo</value>
	 <value>com.slokam.lps.pojo.StatePojo</value>
	 </list>
	 
	 </property>
	
	
	 </bean>
	 <tx:annotation-driven transaction-manager="transactionManager"/>
	 <bean id="transactionManager" class="org.springframework.orm.hibernate3.HibernateTransactionManager">
	 <property name="sessionFactory" ref="sf"/>
	 
	 </bean>
	 <bean name="hibernateTemplate" class="org.springframework.orm.hibernate3.HibernateTemplate">
	 <property name="sessionFactory" ref="sf"/>
	 
	 </bean>
	  <bean id="accessDecisionManager" class="org.springframework.security.access.vote.AffirmativeBased">
	 <property name="decisionVoters">
	 <bean class="org.springframework.security.access.vote.RoleVoter">
	 <property name="rolePrefix" value=""></property>
	 </bean>
	 
	 </property>
	 
	 </bean>
	 <bean id="multipartResolver" class="org.springframework.web.multipart.commons.CommonsMultipartResolver"></bean>
	 <sec:http auto-config="true" access-decision-manager-ref="accessDecisionManager">
	<!--  <sec:intercept-url pattern="/displayApplication.spring" access="AG,MG,AMA,UA"/> -->
	 <sec:intercept-url pattern="rejectApplication.spring" access="AG"/>
	 <sec:form-login
	 login-page="/loginDisplay.spring"
	 login-processing-url="/login.spring"
	 default-target-url="/loginSuccess.spring"
	 authentication-failure-url="/loginDisplay.spring?error=1"
	 username-parameter="username"
	 password-parameter="password"
	 />
	 <sec:logout logout-success-url="/logout.spring?logout=1"/>
	 </sec:http>
	 <sec:authentication-manager>
	
	 <sec:authentication-provider user-service-ref="loginService"></sec:authentication-provider>
	 </sec:authentication-manager>
	 
	 <mvc:interceptors>
	 <bean class="org.springframework.web.servlet.i18n.LocaleChangeInterceptor">
	 <property name="paramName" value="lang"/>
	 </bean>
	 <bean id="testInterceptor" class="com.slokam.lps.interceptor.TestInterceptor"/>
	 </mvc:interceptors>
	 <bean id="localeResolver" class=" org.springframework.web.servlet.i18n.CookieLocaleResolver"></bean>
	 <bean id="messageSource" class=" org.springframework.context.support.ReloadableResourceBundleMessageSource">
	 <property name="basename" value="classpath:messages"/>
	 </bean>
	 
     </beans>
